dataset,method,mrate,mtype,lags,nof_filters,inter_method,epoch,mse,calculation_time
windmillsmall,STGCN,0,,8,12,,50,1.003723382949829,4030.475187778473
windmillsmall,IT-STGCN,0,,8,12,,50,1.0020573139190674,28000.061631202698
windmillsmall,STGCN,0,,8,12,,50,1.011616587638855,3415.458008289337
windmillsmall,IT-STGCN,0,,8,12,,50,0.9968178272247314,24956.380519151688
windmillsmall,STGCN,0,,8,12,,50,0.9980496764183044,4021.096704483032
windmillsmall,IT-STGCN,0,,8,12,,50,1.0045486688613892,33931.7881128788
windmillsmall,STGCN,0,,8,12,,50,1.0033154487609863,4082.094817399978
windmillsmall,IT-STGCN,0,,8,12,,50,1.009578824043274,32030.000356674194
