dataset,method,mrate,mtype,lags,nof_filters,inter_method,epoch,mse,calculation_time
windmillsmall,STGCN,0.08129076731981089,block,8,12,linear,50,0.9865166544914246,1933.596167087555
windmillsmall,IT-STGCN,0.08129076731981089,block,8,12,linear,50,0.9896615743637085,28388.121405363083
