dataset,method,mrate,mtype,lags,nof_filters,inter_method,epoch,mse,calculation_time
windmillsmall,STGCN,0.08129076731981089,block,8,12,linear,50,0.9964544773101807,2093.663197517395
windmillsmall,IT-STGCN,0.08129076731981089,block,8,12,linear,50,0.9855049848556519,28681.710443735123
