dataset,method,mrate,mtype,lags,nof_filters,inter_method,epoch,mse,calculation_time
windmillsmall,STGCN,0.32516306927924354,block,8,12,linear,50,1.0129129886627197,3389.3843381404877
windmillsmall,IT-STGCN,0.32516306927924354,block,8,12,linear,50,1.0216151475906372,21772.998448848724
