dataset,method,mrate,mtype,lags,nof_filters,inter_method,epoch,mse,calculation_time
windmillsmall,GNAR,0.32516306927924354,block,8,,linear,,1.6492302417755127,3.2261176109313965
windmillsmall,GNAR,0.32516306927924354,block,8,,linear,,1.6492302417755127,4.182251930236816
windmillsmall,GNAR,0.32516306927924354,block,8,,linear,,1.6492302417755127,3.14148211479187
