dataset,method,mrate,mtype,lags,nof_filters,inter_method,epoch,mse,calculation_time
windmillsmall,STGCN,0.08129076731981089,block,8,12,linear,50,0.9976572394371033,4080.055252790451
windmillsmall,IT-STGCN,0.08129076731981089,block,8,12,linear,50,1.0076382160186768,31645.24075818062
