dataset,method,mrate,mtype,lags,nof_filters,inter_method,epoch,mse,calculation_time
windmillsmall,STGCN,0.08129076731981089,block,8,16,linear,50,0.9859004616737366,1904.5270638465881
windmillsmall,IT-STGCN,0.08129076731981089,block,8,16,linear,50,0.9844897985458374,36879.39359045029
