dataset,method,mrate,mtype,lags,nof_filters,inter_method,epoch,mse,calculation_time
windmillsmall,STGCN,0.08129076731981089,block,8,16,linear,50,0.9841956496238708,1919.060951948166
windmillsmall,IT-STGCN,0.08129076731981089,block,8,16,linear,50,0.9843636155128479,39236.40980744362
