dataset,method,mrate,mtype,lags,nof_filters,inter_method,epoch,mse,calculation_time
windmillsmall,STGCN,0.08129076731981089,block,8,16,linear,50,0.9857459664344788,8556.442560911179
windmillsmall,IT-STGCN,0.08129076731981089,block,8,16,linear,50,0.9850884675979614,34778.205649375916
