dataset,method,mrate,mtype,lags,nof_filters,inter_method,epoch,mse,calculation_time
windmillsmall,STGCN,0.08129076731981089,block,8,12,linear,50,1.003777027130127,4163.477105140686
windmillsmall,IT-STGCN,0.08129076731981089,block,8,12,linear,50,1.0085536241531372,35505.388251543045
