dataset,method,mrate,mtype,lags,nof_filters,inter_method,epoch,mse,calculation_time
windmillsmall,GNAR,0.08129076731981089,block,8,,linear,,1.6492302417755127,3.4289700984954834
windmillsmall,GNAR,0.08129076731981089,block,8,,linear,,1.6492302417755127,3.492011547088623
windmillsmall,GNAR,0.08129076731981089,block,8,,linear,,1.6492302417755127,2.9163999557495117
