dataset,method,mrate,mtype,lags,nof_filters,inter_method,epoch,mse,calculation_time
windmillsmall,STGCN,0.32516306927924354,block,8,12,linear,50,1.0107213258743286,8460.13478922844
windmillsmall,IT-STGCN,0.32516306927924354,block,8,12,linear,50,1.0193625688552856,27615.617768526077
