dataset,method,mrate,mtype,lags,nof_filters,inter_method,epoch,mse,calculation_time
windmillsmall,STGCN,0.08129076731981089,block,8,12,linear,50,1.0016801357269287,3196.5505697727203
windmillsmall,IT-STGCN,0.08129076731981089,block,8,12,linear,50,1.0177929401397705,21225.88096165657
