dataset,method,mrate,mtype,lags,nof_filters,inter_method,epoch,mse,calculation_time
wikimath,GNAR,0.11983740460942593,block,8,,linear,,1.3536372184753418,114.42123937606812
wikimath,GNAR,0.11983740460942593,block,8,,linear,,1.3536372184753418,214.54129433631897
wikimath,GNAR,0.11983740460942593,block,8,,linear,,1.3536372184753418,269.6995847225189
