dataset,method,mrate,mtype,lags,nof_filters,inter_method,epoch,mse,calculation_time
windmillsmall,STGCN,0.08129076731981089,block,8,16,linear,50,0.9894874095916748,1902.9158833026886
windmillsmall,IT-STGCN,0.08129076731981089,block,8,16,linear,50,0.991180419921875,43737.321449518204
