dataset,method,mrate,mtype,lags,nof_filters,inter_method,epoch,mse,calculation_time
monte,GNAR,0,,4,,,,1.0619367361068726,6.576897621154785
monte,GNAR,0.8,rand,4,,nearest,,1.0619367361068726,4.220497131347656
monte,GNAR,0,,4,,,,1.0619367361068726,4.429234027862549
monte,GNAR,0.8,rand,4,,nearest,,1.0619367361068726,4.886659860610962
monte,GNAR,0,,4,,,,1.0619367361068726,4.879431962966919
monte,GNAR,0.8,rand,4,,nearest,,1.0619367361068726,4.8140647411346436
