dataset,method,mrate,mtype,lags,nof_filters,inter_method,epoch,mse,calculation_time
windmillsmall,STGCN,0.08129076731981089,block,8,12,linear,50,1.0010290145874023,4006.824718952179
windmillsmall,IT-STGCN,0.08129076731981089,block,8,12,linear,50,1.008606195449829,27513.894078731537
