dataset,method,mrate,mtype,lags,nof_filters,inter_method,epoch,mse,calculation_time
windmillsmall,STGCN,0.08129076731981089,block,8,4,linear,50,0.9918408393859863,1605.5284039974213
windmillsmall,IT-STGCN,0.08129076731981089,block,8,4,linear,50,0.9830532670021057,31577.977431297302
