dataset,method,mrate,mtype,lags,nof_filters,inter_method,epoch,mse,calculation_time
windmillsmall,STGCN,0.32516306927924354,block,8,12,linear,50,1.0283948183059692,3576.7621080875397
windmillsmall,IT-STGCN,0.32516306927924354,block,8,12,linear,50,1.0167782306671143,17435.237440109253
