dataset,method,mrate,mtype,lags,nof_filters,inter_method,epoch,mse,calculation_time
windmillsmall,STGCN,0.08129076731981089,block,8,16,linear,50,1.0283311605453491,8705.974505901337
windmillsmall,IT-STGCN,0.08129076731981089,block,8,16,linear,50,0.9879598021507263,42719.70096373558
