dataset,method,mrate,mtype,lags,nof_filters,inter_method,epoch,mse,calculation_time
windmillsmall,STGCN,0.08129076731981089,block,8,16,linear,50,0.9885985255241394,1931.3660125732422
windmillsmall,IT-STGCN,0.08129076731981089,block,8,16,linear,50,0.9842361211776733,36900.156252622604
