dataset,method,mrate,mtype,lags,nof_filters,inter_method,epoch,mse,calculation_time
windmillsmall,STGCN,0.08129076731981089,block,8,12,linear,50,0.9998242259025574,3971.087632417679
windmillsmall,IT-STGCN,0.08129076731981089,block,8,12,linear,50,1.0048024654388428,31348.973115205765
