dataset,method,mrate,mtype,lags,nof_filters,inter_method,epoch,mse,calculation_time
windmillsmall,STGCN,0.08129076731981089,block,8,12,linear,50,0.9962804913520813,1821.0300602912903
windmillsmall,IT-STGCN,0.08129076731981089,block,8,12,linear,50,0.987392783164978,28598.077718019485
