dataset,method,mrate,mtype,lags,nof_filters,inter_method,epoch,mse,calculation_time
windmillsmall,STGCN,0.08129076731981089,block,8,16,linear,50,0.9860371947288513,2093.581189393997
windmillsmall,IT-STGCN,0.08129076731981089,block,8,16,linear,50,0.982357382774353,23675.616170167923
