dataset,method,mrate,mtype,lags,nof_filters,inter_method,epoch,mse,calculation_time
windmillsmall,STGCN,0.08129076731981089,block,8,12,linear,50,1.0236458778381348,1856.2064414024353
windmillsmall,IT-STGCN,0.08129076731981089,block,8,12,linear,50,0.9836269617080688,29474.393341064453
