dataset,method,mrate,mtype,lags,nof_filters,inter_method,epoch,mse,calculation_time
windmillsmall,STGCN,0.08129076731981089,block,8,12,linear,50,1.0076994895935059,4122.510186910629
windmillsmall,IT-STGCN,0.08129076731981089,block,8,12,linear,50,1.0057109594345093,31649.16335606575
