dataset,method,mrate,mtype,lags,nof_filters,inter_method,epoch,mse,calculation_time
windmillsmall,STGCN,0.08129076731981089,block,8,16,linear,50,0.9866474270820618,2095.2610642910004
windmillsmall,IT-STGCN,0.08129076731981089,block,8,16,linear,50,0.9849792718887329,30319.62022137642
