dataset,method,mrate,mtype,lags,nof_filters,inter_method,epoch,mse,calculation_time
windmillsmall,STGCN,0.08129076731981089,block,8,16,linear,50,0.9831632375717163,1941.600513458252
windmillsmall,IT-STGCN,0.08129076731981089,block,8,16,linear,50,0.9853847026824951,42415.48184990883
