dataset,method,mrate,mtype,lags,nof_filters,inter_method,epoch,mse,calculation_time
windmillsmall,STGCN,0.32516306927924354,block,8,12,linear,50,1.0320883989334106,5574.651755571365
windmillsmall,IT-STGCN,0.32516306927924354,block,8,12,linear,50,1.0257683992385864,21199.50182056427
