dataset,method,mrate,mtype,lags,nof_filters,inter_method,epoch,mse,calculation_time
windmillsmall,STGCN,0.08129076731981089,block,8,12,linear,50,1.0069113969802856,4122.139986276627
windmillsmall,IT-STGCN,0.08129076731981089,block,8,12,linear,50,1.0069113969802856,31003.41100215912
