dataset,method,mrate,mtype,lags,nof_filters,inter_method,epoch,mse,calculation_time
windmillsmall,STGCN,0.08129076731981089,block,8,16,linear,50,0.9844552874565125,1958.096664428711
windmillsmall,IT-STGCN,0.08129076731981089,block,8,16,linear,50,0.9818825721740723,41121.65306568146
