dataset,method,mrate,mtype,lags,nof_filters,inter_method,epoch,mse,calculation_time
chickenpox,GNAR,0.28776978417266186,block,4,,linear,,1.4274942874908447,0.0695793628692627
chickenpox,GNAR,0.28776978417266186,block,4,,nearest,,1.4274942874908447,0.07312417030334473
chickenpox,GNAR,0.28776978417266186,block,4,,linear,,1.4274942874908447,0.07085728645324707
chickenpox,GNAR,0.28776978417266186,block,4,,nearest,,1.4274942874908447,0.0662386417388916
chickenpox,GNAR,0.28776978417266186,block,4,,linear,,1.4274942874908447,0.07056832313537598
chickenpox,GNAR,0.28776978417266186,block,4,,nearest,,1.4274942874908447,0.07021236419677734
