dataset,method,mrate,mtype,lags,nof_filters,inter_method,epoch,mse,calculation_time
windmillsmall,STGCN,0.08129076731981089,block,8,12,linear,50,0.9813523292541504,3408.6710007190704
windmillsmall,IT-STGCN,0.08129076731981089,block,8,12,linear,50,0.9825291037559509,45545.448096990585
