dataset,method,mrate,mtype,lags,nof_filters,inter_method,epoch,mse,calculation_time
windmillsmall,STGCN,0.08129076731981089,block,8,12,linear,50,1.022252082824707,3485.2031123638153
windmillsmall,IT-STGCN,0.08129076731981089,block,8,12,linear,50,1.0089137554168701,28576.34716963768
