dataset,method,mrate,mtype,lags,nof_filters,inter_method,epoch,mse,calculation_time
windmillsmall,STGCN,0.08129076731981089,block,8,16,linear,50,0.9914685487747192,5012.361830949783
windmillsmall,IT-STGCN,0.08129076731981089,block,8,16,linear,50,1.0041234493255615,25022.782970666885
