dataset,method,mrate,mtype,lags,nof_filters,inter_method,epoch,mse,calculation_time
windmillsmall,STGCN,0.08129076731981089,block,8,12,linear,50,0.9810143709182739,3277.1324100494385
windmillsmall,IT-STGCN,0.08129076731981089,block,8,12,linear,50,0.983801007270813,45096.72851920128
