dataset,method,mrate,mtype,lags,nof_filters,inter_method,epoch,mse,calculation_time
windmillsmall,STGCN,0.08129076731981089,block,8,12,linear,50,0.9830747246742249,1270.0682606697083
windmillsmall,IT-STGCN,0.08129076731981089,block,8,12,linear,50,1.0026799440383911,40508.539192438126
