dataset,method,mrate,mtype,lags,nof_filters,inter_method,epoch,mse,calculation_time
windmillsmall,STGCN,0.08129076731981089,block,8,12,linear,50,0.9843212962150574,2018.8472793102264
windmillsmall,IT-STGCN,0.08129076731981089,block,8,12,linear,50,0.9836962819099426,23130.894647359848
