dataset,method,mrate,mtype,lags,nof_filters,inter_method,epoch,mse,calculation_time
windmillsmall,STGCN,0.08129076731981089,block,8,12,linear,50,0.9865013957023621,2845.517490386963
windmillsmall,IT-STGCN,0.08129076731981089,block,8,12,linear,50,0.9856142997741699,30387.23244214058
