dataset,method,mrate,mtype,lags,nof_filters,inter_method,epoch,mse,calculation_time
windmillsmall,STGCN,0.08129076731981089,block,8,16,linear,50,0.9929477572441101,6485.519354104996
windmillsmall,IT-STGCN,0.08129076731981089,block,8,16,linear,50,1.0028566122055054,33269.84431934357
