dataset,method,mrate,mtype,lags,nof_filters,inter_method,epoch,mse,calculation_time
windmillsmall,STGCN,0.08129076731981089,block,8,12,linear,50,0.9831168055534363,3229.9156069755554
windmillsmall,IT-STGCN,0.08129076731981089,block,8,12,linear,50,0.9836897850036621,39147.47568368912
