dataset,method,mrate,mtype,lags,nof_filters,inter_method,epoch,mse,calculation_time
windmillsmall,STGCN,0.08129076731981089,block,8,12,linear,50,1.0084795951843262,4134.903659582138
windmillsmall,IT-STGCN,0.08129076731981089,block,8,12,linear,50,1.0022861957550049,28194.999406576157
