dataset,method,mrate,mtype,lags,nof_filters,inter_method,epoch,mse,calculation_time
windmillsmall,STGCN,0.08129076731981089,block,8,16,linear,50,0.9833313226699829,1950.7354519367218
windmillsmall,IT-STGCN,0.08129076731981089,block,8,16,linear,50,0.987804114818573,42483.165578365326
