dataset,method,mrate,mtype,lags,nof_filters,inter_method,epoch,mse,calculation_time
windmillsmall,STGCN,0.08129076731981089,block,8,16,linear,50,0.9867258667945862,1791.576092004776
windmillsmall,IT-STGCN,0.08129076731981089,block,8,16,linear,50,0.9878966808319092,34392.07569217682
