dataset,method,mrate,mtype,lags,nof_filters,inter_method,epoch,mse,calculation_time
windmillsmall,STGCN,0.08129076731981089,block,8,12,linear,50,0.990574061870575,2144.1468591690063
windmillsmall,IT-STGCN,0.08129076731981089,block,8,12,linear,50,0.9932085871696472,29855.241131544113
