dataset,method,mrate,mtype,lags,nof_filters,inter_method,epoch,mse,calculation_time
windmillsmall,STGCN,0.32516306927924354,block,8,12,linear,50,1.0235450267791748,5984.759454727173
windmillsmall,IT-STGCN,0.32516306927924354,block,8,12,linear,50,1.010509729385376,23684.178646087646
