dataset,method,mrate,mtype,lags,nof_filters,inter_method,epoch,mse,calculation_time
windmillsmall,STGCN,0.32516306927924354,block,8,12,linear,50,1.0036518573760986,5441.922065496445
windmillsmall,IT-STGCN,0.32516306927924354,block,8,12,linear,50,1.0390655994415283,21465.05341076851
