dataset,method,mrate,mtype,lags,nof_filters,inter_method,epoch,mse,calculation_time
windmillsmall,STGCN,0.08129076731981089,block,8,12,linear,50,0.9833716750144958,3219.520584821701
windmillsmall,IT-STGCN,0.08129076731981089,block,8,12,linear,50,0.9877868294715881,30183.601527929306
