dataset,method,mrate,mtype,lags,nof_filters,inter_method,epoch,mse,calculation_time
wikimath,STGCN,0.4,rand,2,12,linear,1,0.9127335548400879,30.04893660545349
wikimath,STGCN,0.4,rand,2,12,cubic,1,0.9168427586555481,27.104823112487793
wikimath,STGCN,0.4,rand,8,12,linear,1,0.7880113124847412,24.233431339263916
wikimath,STGCN,0.4,rand,8,12,cubic,1,0.7952192425727844,24.228025913238525
wikimath,IT-STGCN,0.4,rand,2,12,linear,1,0.8645804524421692,29.660712003707886
wikimath,IT-STGCN,0.4,rand,2,12,cubic,1,0.9264261722564697,30.8389675617218
wikimath,IT-STGCN,0.4,rand,8,12,linear,1,0.8224619626998901,32.3294472694397
wikimath,IT-STGCN,0.4,rand,8,12,cubic,1,0.817620575428009,29.4472599029541
