dataset,method,mrate,mtype,lags,nof_filters,inter_method,epoch,mse,calculation_time
windmillsmall,STGCN,0.08129076731981089,block,8,4,linear,50,0.9968286752700806,1594.1241891384125
windmillsmall,IT-STGCN,0.08129076731981089,block,8,4,linear,50,0.9836145639419556,34195.473292827606
