dataset,method,mrate,mtype,lags,nof_filters,inter_method,epoch,mse,calculation_time
windmillsmall,STGCN,0.08129076731981089,block,8,16,linear,50,0.9851364493370056,1817.7386491298676
windmillsmall,IT-STGCN,0.08129076731981089,block,8,16,linear,50,0.9830554127693176,21894.255355358124
