dataset,method,mrate,mtype,lags,nof_filters,inter_method,epoch,mse,calculation_time
windmillsmall,STGCN,0.08129076731981089,block,8,16,linear,50,0.98724764585495,1969.7224655151367
windmillsmall,IT-STGCN,0.08129076731981089,block,8,16,linear,50,0.9831006526947021,30277.383031368256
