dataset,method,mrate,mtype,lags,nof_filters,inter_method,epoch,mse,calculation_time
windmillsmall,STGCN,0.08129076731981089,block,8,4,linear,50,1.0093268156051636,1546.4986917972565
windmillsmall,IT-STGCN,0.08129076731981089,block,8,4,linear,50,0.9835890531539917,34460.381036520004
