dataset,method,mrate,mtype,lags,nof_filters,inter_method,epoch,mse,calculation_time
windmillsmall,STGCN,0.32516306927924354,block,8,12,linear,50,1.0129138231277466,6272.410695552826
windmillsmall,IT-STGCN,0.32516306927924354,block,8,12,linear,50,1.0169910192489624,21878.111349582672
