dataset,method,mrate,mtype,lags,nof_filters,inter_method,epoch,mse,calculation_time
windmillsmall,STGCN,0.08129076731981089,block,8,16,linear,50,0.9860413074493408,6514.350341081619
windmillsmall,IT-STGCN,0.08129076731981089,block,8,16,linear,50,0.9830151200294495,31714.84737944603
