dataset,method,mrate,mtype,lags,nof_filters,inter_method,epoch,mse,calculation_time
windmillsmall,STGCN,0.08129076731981089,block,8,12,linear,50,0.9847822785377502,3174.16836476326
windmillsmall,IT-STGCN,0.08129076731981089,block,8,12,linear,50,0.9814736843109131,30166.309778690338
