dataset,method,mrate,mtype,lags,nof_filters,inter_method,epoch,mse,calculation_time
windmillsmall,STGCN,0.08129076731981089,block,8,12,linear,50,0.9836999773979187,2149.316700696945
windmillsmall,IT-STGCN,0.08129076731981089,block,8,12,linear,50,0.9817919135093689,29948.607964515686
