dataset,method,mrate,mtype,lags,nof_filters,inter_method,epoch,mse,calculation_time
windmillsmall,STGCN,0.08129076731981089,block,8,16,linear,50,0.9809464812278748,7118.749475479126
windmillsmall,IT-STGCN,0.08129076731981089,block,8,16,linear,50,0.9967475533485413,33316.95440411568
