dataset,method,mrate,mtype,lags,nof_filters,inter_method,epoch,mse,calculation_time
windmillsmall,STGCN,0.08129076731981089,block,8,12,linear,50,0.9837003350257874,3295.8015637397766
windmillsmall,IT-STGCN,0.08129076731981089,block,8,12,linear,50,0.9844917058944702,42044.92339038849
