dataset,method,mrate,mtype,lags,nof_filters,inter_method,epoch,mse,calculation_time
windmillsmall,STGCN,0.08129076731981089,block,8,4,linear,50,0.9931444525718689,1591.4616930484772
windmillsmall,IT-STGCN,0.08129076731981089,block,8,4,linear,50,0.9836180210113525,39837.020347595215
