dataset,method,mrate,mtype,lags,nof_filters,inter_method,epoch,mse,calculation_time
windmillsmall,STGCN,0.08129076731981089,block,8,16,linear,50,0.9836978912353516,1971.129219532013
windmillsmall,IT-STGCN,0.08129076731981089,block,8,16,linear,50,0.9896135330200195,41379.190739393234
