dataset,method,mrate,mtype,lags,nof_filters,inter_method,epoch,mse,calculation_time
windmillsmall,STGCN,0.08129076731981089,block,8,12,linear,50,1.0181328058242798,3860.597156763077
windmillsmall,IT-STGCN,0.08129076731981089,block,8,12,linear,50,0.9967609643936157,30803.525869369507
