dataset,method,mrate,mtype,lags,nof_filters,inter_method,epoch,mse,calculation_time
windmillsmall,STGCN,0.08129076731981089,block,8,16,linear,50,0.9833189249038696,7950.003826141357
windmillsmall,IT-STGCN,0.08129076731981089,block,8,16,linear,50,0.9959700107574463,36467.73886823654
