dataset,method,mrate,mtype,lags,nof_filters,inter_method,epoch,mse,calculation_time
windmillsmall,STGCN,0.08129076731981089,block,8,16,linear,50,0.9822344779968262,1966.858145236969
windmillsmall,IT-STGCN,0.08129076731981089,block,8,16,linear,50,0.9834191799163818,36821.68308901787
