dataset,method,mrate,mtype,lags,nof_filters,inter_method,epoch,mse,calculation_time
windmillsmall,STGCN,0.08129076731981089,block,8,12,linear,50,1.0023688077926636,4164.037649869919
windmillsmall,IT-STGCN,0.08129076731981089,block,8,12,linear,50,1.0007987022399902,30166.130780935287
