dataset,method,mrate,mtype,lags,nof_filters,inter_method,epoch,mse,calculation_time
windmillsmall,STGCN,0.08129076731981089,block,8,16,linear,50,0.9927363991737366,6737.744980335236
windmillsmall,IT-STGCN,0.08129076731981089,block,8,16,linear,50,1.0120140314102173,39733.27966141701
