dataset,method,mrate,mtype,lags,nof_filters,inter_method,epoch,mse,calculation_time
windmillsmall,STGCN,0.08129076731981089,block,8,12,linear,50,0.9873708486557007,3232.536341190338
windmillsmall,IT-STGCN,0.08129076731981089,block,8,12,linear,50,0.9841440320014954,37720.29056549072
