dataset,method,mrate,mtype,lags,nof_filters,inter_method,epoch,mse,calculation_time
windmillsmall,STGCN,0.08129076731981089,block,8,12,linear,50,1.0071395635604858,4341.275263786316
windmillsmall,IT-STGCN,0.08129076731981089,block,8,12,linear,50,0.9993930459022522,37842.08943915367
