dataset,method,mrate,mtype,lags,nof_filters,inter_method,epoch,mse,calculation_time
windmillsmall,STGCN,0.08129076731981089,block,8,16,linear,50,0.985863983631134,1955.5616302490234
windmillsmall,IT-STGCN,0.08129076731981089,block,8,16,linear,50,0.9872683882713318,37002.46800303459
