dataset,method,mrate,mtype,lags,nof_filters,inter_method,epoch,mse,calculation_time
windmillsmall,STGCN,0.08129076731981089,block,8,16,linear,50,0.9824230670928955,5048.2112555503845
windmillsmall,IT-STGCN,0.08129076731981089,block,8,16,linear,50,1.1002862453460693,24971.583468914032
