dataset,method,mrate,mtype,lags,nof_filters,inter_method,epoch,mse,calculation_time
windmillsmall,STGCN,0.08129076731981089,block,8,12,linear,50,0.9857175946235657,3336.4920659065247
windmillsmall,IT-STGCN,0.08129076731981089,block,8,12,linear,50,0.9850250482559204,30067.46241235733
