dataset,method,mrate,mtype,lags,nof_filters,inter_method,epoch,mse,calculation_time
pedalme,GNAR,0.6,rand,4,,cubic,,1.3026788234710693,0.024573087692260742
pedalme,GNAR,0.6,rand,4,,linear,,1.3026788234710693,0.018374919891357422
pedalme,GNAR,0.6,rand,4,,cubic,,1.3026788234710693,0.02335047721862793
pedalme,GNAR,0.6,rand,4,,linear,,1.3026788234710693,0.017890214920043945
pedalme,GNAR,0.6,rand,4,,cubic,,1.3026788234710693,0.018158674240112305
pedalme,GNAR,0.6,rand,4,,linear,,1.3026788234710693,0.018780946731567383
