dataset,method,mrate,mtype,lags,nof_filters,inter_method,epoch,mse,calculation_time
wikimath,GNAR,0,,8,,,,1.3536372184753418,228.56126236915588
wikimath,GNAR,0.3,rand,8,,linear,,1.3536372184753418,214.54372668266296
wikimath,GNAR,0.8,rand,8,,linear,,1.3536372184753418,204.45246744155884
wikimath,GNAR,0,,8,,,,1.3536372184753418,129.20173358917236
wikimath,GNAR,0.3,rand,8,,linear,,1.3536372184753418,193.72153759002686
wikimath,GNAR,0.8,rand,8,,linear,,1.3536372184753418,188.39158463478088
wikimath,GNAR,0,,8,,,,1.3536372184753418,115.92637252807617
wikimath,GNAR,0.3,rand,8,,linear,,1.3536372184753418,223.2023355960846
wikimath,GNAR,0.8,rand,8,,linear,,1.3536372184753418,126.158855676651
