dataset,method,mrate,mtype,lags,nof_filters,inter_method,epoch,mse,calculation_time
windmillsmall,STGCN,0.08129076731981089,block,8,16,linear,50,0.9880450963973999,5027.837218761444
windmillsmall,IT-STGCN,0.08129076731981089,block,8,16,linear,50,1.0078402757644653,24974.563977479935
