dataset,method,mrate,mtype,lags,nof_filters,inter_method,epoch,mse,calculation_time
windmillsmall,STGCN,0.08129076731981089,block,8,12,linear,50,1.0006996393203735,4211.286792755127
windmillsmall,IT-STGCN,0.08129076731981089,block,8,12,linear,50,1.0108481645584106,27795.11770939827
