dataset,method,mrate,mtype,lags,nof_filters,inter_method,epoch,mse,calculation_time
windmillsmall,STGCN,0.08129076731981089,block,8,12,linear,50,0.9905561804771423,3258.605038166046
windmillsmall,IT-STGCN,0.08129076731981089,block,8,12,linear,50,0.984833300113678,44613.468700408936
