dataset,method,mrate,mtype,lags,nof_filters,inter_method,epoch,mse,calculation_time
windmillsmall,STGCN,0.08129076731981089,block,8,12,linear,50,0.9836881756782532,3240.6751449108124
windmillsmall,IT-STGCN,0.08129076731981089,block,8,12,linear,50,0.9857919812202454,41574.61740517616
