dataset,method,mrate,mtype,lags,nof_filters,inter_method,epoch,mse,calculation_time
windmillsmall,STGCN,0.08129076731981089,block,8,12,linear,50,1.0110582113265991,4200.919314861298
windmillsmall,IT-STGCN,0.08129076731981089,block,8,12,linear,50,1.006835699081421,30340.990109682083
