dataset,method,mrate,mtype,lags,nof_filters,inter_method,epoch,mse,calculation_time
windmillsmall,STGCN,0.08129076731981089,block,8,16,linear,50,0.9820396900177002,1963.2398867607117
windmillsmall,IT-STGCN,0.08129076731981089,block,8,16,linear,50,0.9845923781394958,40212.009226322174
