dataset,method,mrate,mtype,lags,nof_filters,inter_method,epoch,mse,calculation_time
windmillsmall,STGCN,0.08129076731981089,block,8,12,linear,50,0.9821459054946899,3306.296639919281
windmillsmall,IT-STGCN,0.08129076731981089,block,8,12,linear,50,0.9823229908943176,38362.67744374275
