dataset,method,mrate,mtype,lags,nof_filters,inter_method,epoch,mse,calculation_time
windmillsmall,STGCN,0.08129076731981089,block,8,16,linear,50,0.9845085144042969,1955.1457693576813
windmillsmall,IT-STGCN,0.08129076731981089,block,8,16,linear,50,0.9864229559898376,38981.36451125145
