dataset,method,mrate,mtype,lags,nof_filters,inter_method,epoch,mse,calculation_time
windmillsmall,STGCN,0.08129076731981089,block,8,12,linear,50,0.9825934171676636,3290.2573347091675
windmillsmall,IT-STGCN,0.08129076731981089,block,8,12,linear,50,0.985777735710144,44960.585068941116
