dataset,method,mrate,mtype,lags,nof_filters,inter_method,epoch,mse,calculation_time
windmillsmall,STGCN,0.08129076731981089,block,8,12,linear,50,1.0113365650177002,4077.099520921707
windmillsmall,IT-STGCN,0.08129076731981089,block,8,12,linear,50,1.0007002353668213,24092.09917497635
