dataset,method,mrate,mtype,lags,nof_filters,inter_method,epoch,mse,calculation_time
windmillsmall,STGCN,0.08129076731981089,block,8,16,linear,50,0.9878891110420227,5053.808053731918
windmillsmall,IT-STGCN,0.08129076731981089,block,8,16,linear,50,1.0228735208511353,25058.92782354355
