dataset,method,mrate,mtype,lags,nof_filters,inter_method,epoch,mse,calculation_time
windmillsmall,STGCN,0.08129076731981089,block,8,4,linear,50,0.9950383901596069,1598.4822325706482
windmillsmall,IT-STGCN,0.08129076731981089,block,8,4,linear,50,0.9818289279937744,34149.031289577484
