dataset,method,mrate,mtype,lags,nof_filters,inter_method,epoch,mse,calculation_time
windmillsmall,STGCN,0.08129076731981089,block,8,12,linear,50,1.0129060745239258,1789.482300043106
windmillsmall,IT-STGCN,0.08129076731981089,block,8,12,linear,50,0.9931839108467102,29540.960368156433
