dataset,method,mrate,mtype,lags,nof_filters,inter_method,epoch,mse,calculation_time
windmillsmall,STGCN,0.08129076731981089,block,8,12,linear,50,1.0033211708068848,4023.5624012947083
windmillsmall,IT-STGCN,0.08129076731981089,block,8,12,linear,50,1.0030021667480469,32487.01685833931
