dataset,method,mrate,mtype,lags,nof_filters,inter_method,epoch,mse,calculation_time
windmillsmall,STGCN,0.32516306927924354,block,8,12,linear,50,1.0199298858642578,5165.318059682846
windmillsmall,IT-STGCN,0.32516306927924354,block,8,12,linear,50,0.9996748566627502,22183.431481599808
