dataset,method,mrate,mtype,lags,nof_filters,inter_method,epoch,mse,calculation_time
chickenpox,GNAR,0,,4,,,,1.4274942874908447,0.08738040924072266
chickenpox,GNAR,0.3,rand,4,,linear,,1.4274942874908447,0.08631086349487305
chickenpox,GNAR,0.8,rand,4,,linear,,1.4274942874908447,0.10160613059997559
chickenpox,GNAR,0,,4,,,,1.4274942874908447,0.10054492950439453
chickenpox,GNAR,0.3,rand,4,,linear,,1.4274942874908447,0.08438372611999512
chickenpox,GNAR,0.8,rand,4,,linear,,1.4274942874908447,0.09579873085021973
chickenpox,GNAR,0,,4,,,,1.4274942874908447,0.13548946380615234
chickenpox,GNAR,0.3,rand,4,,linear,,1.4274942874908447,0.09736180305480957
chickenpox,GNAR,0.8,rand,4,,linear,,1.4274942874908447,0.10812497138977051
