dataset,method,mrate,mtype,lags,nof_filters,inter_method,epoch,mse,calculation_time
windmillsmall,STGCN,0.08129076731981089,block,8,16,linear,50,0.9889987111091614,5007.4738047122955
windmillsmall,IT-STGCN,0.08129076731981089,block,8,16,linear,50,0.9884324073791504,27272.988762378693
