dataset,method,mrate,mtype,lags,nof_filters,inter_method,epoch,mse,calculation_time
windmillsmall,STGCN,0.08129076731981089,block,8,12,linear,50,0.9851393103599548,1995.202288866043
windmillsmall,IT-STGCN,0.08129076731981089,block,8,12,linear,50,1.0130060911178589,30154.753096818924
