dataset,method,mrate,mtype,lags,nof_filters,inter_method,epoch,mse,calculation_time
windmillsmall,STGCN,0.08129076731981089,block,8,16,linear,50,0.9863044023513794,2103.1008224487305
windmillsmall,IT-STGCN,0.08129076731981089,block,8,16,linear,50,0.9823382496833801,30033.20771241188
