dataset,method,mrate,mtype,lags,nof_filters,inter_method,epoch,mse,calculation_time
pedalme,GNAR,0.2857142857142857,block,4,,linear,,1.3026788234710693,0.017945051193237305
pedalme,GNAR,0.2857142857142857,block,4,,nearest,,1.3026788234710693,0.02197265625
pedalme,GNAR,0.2857142857142857,block,4,,linear,,1.3026788234710693,0.02307581901550293
pedalme,GNAR,0.2857142857142857,block,4,,nearest,,1.3026788234710693,0.022257328033447266
pedalme,GNAR,0.2857142857142857,block,4,,linear,,1.3026788234710693,0.0233612060546875
pedalme,GNAR,0.2857142857142857,block,4,,nearest,,1.3026788234710693,0.022614479064941406
