dataset,method,mrate,mtype,lags,nof_filters,inter_method,epoch,mse,calculation_time
windmillsmall,STGCN,0.08129076731981089,block,8,12,linear,50,0.9872068762779236,1725.7413935661316
windmillsmall,IT-STGCN,0.08129076731981089,block,8,12,linear,50,0.9878330230712891,22501.672382593155
