dataset,method,mrate,mtype,lags,nof_filters,inter_method,epoch,mse,calculation_time
windmillsmall,STGCN,0.08129076731981089,block,8,12,linear,50,0.9934050440788269,2039.1847069263458
windmillsmall,IT-STGCN,0.08129076731981089,block,8,12,linear,50,0.9874914288520813,29312.699721097946
