dataset,method,mrate,mtype,lags,nof_filters,inter_method,epoch,mse,calculation_time
windmillsmall,STGCN,0.08129076731981089,block,8,16,linear,50,0.9822705388069153,1895.998600244522
windmillsmall,IT-STGCN,0.08129076731981089,block,8,16,linear,50,0.9856975674629211,30791.946848869324
