dataset,method,mrate,mtype,lags,nof_filters,inter_method,epoch,mse,calculation_time
windmillsmall,STGCN,0.08129076731981089,block,8,12,linear,50,0.9942657351493835,1846.2550230026245
windmillsmall,IT-STGCN,0.08129076731981089,block,8,12,linear,50,0.9840444922447205,29112.284866571426
