dataset,method,mrate,mtype,lags,nof_filters,inter_method,epoch,mse,calculation_time
windmillsmall,STGCN,0.08129076731981089,block,8,12,linear,50,0.9950761795043945,1897.2457451820374
windmillsmall,IT-STGCN,0.08129076731981089,block,8,12,linear,50,0.9884453415870667,38867.946022987366
