dataset,method,mrate,mtype,lags,nof_filters,inter_method,epoch,mse,calculation_time
windmillsmall,STGCN,0.32516306927924354,block,8,12,linear,50,1.0109033584594727,4281.715130329132
windmillsmall,IT-STGCN,0.32516306927924354,block,8,12,linear,50,1.005078911781311,22904.314032316208
