dataset,method,mrate,mtype,lags,nof_filters,inter_method,epoch,mse,calculation_time
windmillsmall,STGCN,0.08129076731981089,block,8,16,linear,50,0.9977410435676575,6577.2912673950195
windmillsmall,IT-STGCN,0.08129076731981089,block,8,16,linear,50,0.9954084157943726,33790.864171266556
