dataset,method,mrate,mtype,lags,nof_filters,inter_method,epoch,mse,calculation_time
windmillsmall,STGCN,0.08129076731981089,block,8,16,linear,50,0.9903979897499084,5045.783636569977
windmillsmall,IT-STGCN,0.08129076731981089,block,8,16,linear,50,1.0078686475753784,25108.624853610992
