dataset,method,mrate,mtype,lags,nof_filters,inter_method,epoch,mse,calculation_time
windmillsmall,STGCN,0.08129076731981089,block,8,12,linear,50,0.9817430973052979,3306.3377351760864
windmillsmall,IT-STGCN,0.08129076731981089,block,8,12,linear,50,0.9858564734458923,44383.920211315155
