dataset,method,mrate,mtype,lags,nof_filters,inter_method,epoch,mse,calculation_time
windmillsmall,STGCN,0.08129076731981089,block,8,12,linear,50,1.0201760530471802,1716.821888923645
windmillsmall,IT-STGCN,0.08129076731981089,block,8,12,linear,50,0.9835572242736816,22144.327965259552
