dataset,method,mrate,mtype,lags,nof_filters,inter_method,epoch,mse,calculation_time
windmillsmall,STGCN,0.32516306927924354,block,8,12,linear,50,1.0231684446334839,7682.661196947098
windmillsmall,IT-STGCN,0.32516306927924354,block,8,12,linear,50,1.008658766746521,22124.232079982758
