dataset,method,mrate,mtype,lags,nof_filters,inter_method,epoch,mse,calculation_time
chikenpox,GNAR,0.28776978417266186,block,4,,cubic,,1.4274942874908447,0.06614804267883301
chikenpox,GNAR,0.28776978417266186,block,4,,linear,,1.4274942874908447,0.06412816047668457
chikenpox,GNAR,0.28776978417266186,block,4,,cubic,,1.4274942874908447,0.06637120246887207
chikenpox,GNAR,0.28776978417266186,block,4,,linear,,1.4274942874908447,0.06597614288330078
chikenpox,GNAR,0.28776978417266186,block,4,,cubic,,1.4274942874908447,0.06676959991455078
chikenpox,GNAR,0.28776978417266186,block,4,,linear,,1.4274942874908447,0.06575202941894531
