dataset,method,mrate,mtype,lags,nof_filters,inter_method,epoch,mse,calculation_time
windmillsmall,STGCN,0.08129076731981089,block,8,12,linear,50,1.0091112852096558,4261.942185163498
windmillsmall,IT-STGCN,0.08129076731981089,block,8,12,linear,50,1.0010650157928467,32789.50279068947
