dataset,method,mrate,mtype,lags,nof_filters,inter_method,epoch,mse,calculation_time
windmillsmall,STGCN,0.08129076731981089,block,8,12,linear,50,1.0147714614868164,3903.4145333766937
windmillsmall,IT-STGCN,0.08129076731981089,block,8,12,linear,50,1.0155808925628662,35304.63695049286
