dataset,method,mrate,mtype,lags,nof_filters,inter_method,epoch,mse,calculation_time
windmillsmall,STGCN,0.08129076731981089,block,8,16,linear,50,0.9833483695983887,1895.7707798480988
windmillsmall,IT-STGCN,0.08129076731981089,block,8,16,linear,50,0.984698474407196,41913.82006907463
