dataset,method,mrate,mtype,lags,nof_filters,inter_method,epoch,mse,calculation_time
windmillsmall,STGCN,0.08129076731981089,block,8,12,linear,50,1.0285906791687012,1863.1937055587769
windmillsmall,IT-STGCN,0.08129076731981089,block,8,12,linear,50,0.9822632074356079,24892.101183652878
