dataset,method,mrate,mtype,lags,nof_filters,inter_method,epoch,mse,calculation_time
windmillsmall,STGCN,0.08129076731981089,block,8,12,linear,50,0.9884496331214905,3302.1050941944122
windmillsmall,IT-STGCN,0.08129076731981089,block,8,12,linear,50,0.982038140296936,45593.21123838425
