dataset,method,mrate,mtype,lags,nof_filters,inter_method,epoch,mse,calculation_time
wikimath,GNAR,0,,2,,,,1.2959295511245728,115.25330424308777
wikimath,GNAR,0,,4,,,,1.2547194957733154,125.68039011955261
wikimath,GNAR,0,,2,,,,1.2959295511245728,100.6537675857544
wikimath,GNAR,0,,4,,,,1.2547194957733154,173.6770887374878
wikimath,GNAR,0,,2,,,,1.2959295511245728,101.21158957481384
wikimath,GNAR,0,,4,,,,1.2547194957733154,152.10774493217468
