dataset,method,mrate,mtype,lags,nof_filters,inter_method,epoch,mse,calculation_time
windmillsmall,STGCN,0.08129076731981089,block,8,16,linear,50,0.9866282939910889,5026.702316045761
windmillsmall,IT-STGCN,0.08129076731981089,block,8,16,linear,50,0.9857649803161621,25328.75198316574
