dataset,method,mrate,mtype,lags,nof_filters,inter_method,epoch,mse,calculation_time
windmillsmall,STGCN,0.08129076731981089,block,8,12,linear,50,0.9880650043487549,3363.456225156784
windmillsmall,IT-STGCN,0.08129076731981089,block,8,12,linear,50,0.9941729307174683,41104.72743320465
