dataset,method,mrate,mtype,lags,nof_filters,inter_method,epoch,mse,calculation_time
windmillsmall,STGCN,0.08129076731981089,block,8,12,linear,50,0.9996264576911926,1911.684679031372
windmillsmall,IT-STGCN,0.08129076731981089,block,8,12,linear,50,0.9841434359550476,31964.254755973816
