dataset,method,mrate,mtype,lags,nof_filters,inter_method,epoch,mse,calculation_time
windmillsmall,STGCN,0.08129076731981089,block,8,16,linear,50,0.9825907945632935,5078.383647680283
windmillsmall,IT-STGCN,0.08129076731981089,block,8,16,linear,50,0.9853088855743408,25025.355429410934
