dataset,method,mrate,mtype,lags,nof_filters,inter_method,epoch,mse,calculation_time
windmillsmall,STGCN,0.08129076731981089,block,8,12,linear,50,0.9815181493759155,3260.355577468872
windmillsmall,IT-STGCN,0.08129076731981089,block,8,12,linear,50,0.9856732487678528,45159.724400281906
