dataset,method,mrate,mtype,lags,nof_filters,inter_method,epoch,mse,calculation_time
monte,GNAR,0.14914243102162567,block,4,,linear,,1.0619367361068726,5.239070892333984
monte,GNAR,0.14914243102162567,block,8,,linear,,1.068463921546936,5.281515836715698
monte,GNAR,0.14914243102162567,block,4,,linear,,1.0619367361068726,3.061399459838867
monte,GNAR,0.14914243102162567,block,8,,linear,,1.068463921546936,3.2213408946990967
monte,GNAR,0.14914243102162567,block,4,,linear,,1.0619367361068726,3.0948522090911865
monte,GNAR,0.14914243102162567,block,8,,linear,,1.068463921546936,5.020964622497559
