dataset,method,mrate,mtype,lags,nof_filters,inter_method,epoch,mse,calculation_time
windmillsmall,STGCN,0.08129076731981089,block,8,16,linear,50,0.9826254844665527,4992.490772247314
windmillsmall,IT-STGCN,0.08129076731981089,block,8,16,linear,50,0.9938757419586182,24993.693081617355
