dataset,method,mrate,mtype,lags,nof_filters,inter_method,epoch,mse,calculation_time
windmillsmall,STGCN,0.32516306927924354,block,8,12,linear,50,1.0097413063049316,8319.983834028244
windmillsmall,IT-STGCN,0.32516306927924354,block,8,12,linear,50,1.0122320652008057,27795.35348391533
