dataset,method,mrate,mtype,lags,nof_filters,inter_method,epoch,mse,calculation_time
windmillsmall,STGCN,0.08129076731981089,block,8,12,linear,50,1.0111734867095947,4186.271927833557
windmillsmall,IT-STGCN,0.08129076731981089,block,8,12,linear,50,1.0159963369369507,30426.787584781647
