dataset,method,mrate,mtype,lags,nof_filters,inter_method,epoch,mse,calculation_time
windmillsmall,STGCN,0.08129076731981089,block,8,12,linear,50,1.0046720504760742,4130.705499410629
windmillsmall,IT-STGCN,0.08129076731981089,block,8,12,linear,50,1.0125473737716675,31634.375918626785
