dataset,method,mrate,mtype,lags,nof_filters,inter_method,epoch,mse,calculation_time
windmillsmall,STGCN,0.32516306927924354,block,8,12,linear,50,1.0094692707061768,3573.5350239276886
windmillsmall,IT-STGCN,0.32516306927924354,block,8,12,linear,50,1.029105305671692,13650.738005161285
