dataset,method,mrate,mtype,lags,nof_filters,inter_method,epoch,mse,calculation_time
chickenpox,GNAR,0.28776978417266186,block,4,,cubic,,1.4274942874908447,0.06256771087646484
chickenpox,GNAR,0.28776978417266186,block,4,,linear,,1.4274942874908447,0.0745699405670166
chickenpox,GNAR,0.28776978417266186,block,4,,cubic,,1.4274942874908447,0.07475423812866211
chickenpox,GNAR,0.28776978417266186,block,4,,linear,,1.4274942874908447,0.07476639747619629
chickenpox,GNAR,0.28776978417266186,block,4,,cubic,,1.4274942874908447,0.07339215278625488
chickenpox,GNAR,0.28776978417266186,block,4,,linear,,1.4274942874908447,0.07320928573608398
