dataset,method,mrate,mtype,lags,nof_filters,inter_method,epoch,mse,calculation_time
windmillsmall,STGCN,0.32516306927924354,block,8,12,linear,50,1.024593710899353,3507.402326822281
windmillsmall,IT-STGCN,0.32516306927924354,block,8,12,linear,50,1.0270054340362549,19870.491814136505
