dataset,method,mrate,mtype,lags,nof_filters,inter_method,epoch,mse,calculation_time
windmillsmall,STGCN,0.08129076731981089,block,8,16,linear,50,0.984042763710022,1917.4326658248901
windmillsmall,IT-STGCN,0.08129076731981089,block,8,16,linear,50,0.9857220649719238,32829.53782939911
