dataset,method,mrate,mtype,lags,nof_filters,inter_method,epoch,mse,calculation_time
windmillsmall,STGCN,0.08129076731981089,block,8,12,linear,50,0.9844316244125366,3021.7083790302277
windmillsmall,IT-STGCN,0.08129076731981089,block,8,12,linear,50,0.9846708178520203,29425.857236623764
