dataset,method,mrate,mtype,lags,nof_filters,inter_method,epoch,mse,calculation_time
windmillsmall,STGCN,0.08129076731981089,block,8,12,linear,50,1.0098706483840942,1717.146934747696
windmillsmall,IT-STGCN,0.08129076731981089,block,8,12,linear,50,0.9820923209190369,22117.911075353622
