dataset,method,mrate,mtype,lags,nof_filters,inter_method,epoch,mse,calculation_time
windmillsmall,STGCN,0.08129076731981089,block,8,12,linear,50,1.0050485134124756,3998.083477973938
windmillsmall,IT-STGCN,0.08129076731981089,block,8,12,linear,50,1.0083895921707153,24199.556252479553
