dataset,method,mrate,mtype,lags,nof_filters,inter_method,epoch,mse,calculation_time
windmillsmall,STGCN,0.08129076731981089,block,8,12,linear,50,1.0089703798294067,4120.035428524017
windmillsmall,IT-STGCN,0.08129076731981089,block,8,12,linear,50,1.0075500011444092,30758.37353539467
