dataset,method,mrate,mtype,lags,nof_filters,inter_method,epoch,mse,calculation_time
windmillsmall,STGCN,0.08129076731981089,block,8,16,linear,50,0.9887874126434326,2003.0207259654999
windmillsmall,IT-STGCN,0.08129076731981089,block,8,16,linear,50,0.9832810163497925,35562.90848207474
