dataset,method,mrate,mtype,lags,nof_filters,inter_method,epoch,mse,calculation_time
windmillsmall,STGCN,0.32516306927924354,block,8,12,linear,50,1.0195927619934082,3539.3431537151337
windmillsmall,IT-STGCN,0.32516306927924354,block,8,12,linear,50,1.0172080993652344,15095.140969276428
